{"cameraMode":{"drawMode":0,"name":"Shaded","section":"Shading Mode"},"sceneLighting":false,"audioPlay":false,"sceneViewState":{"showFog":true,"showMaterialUpdate":false,"showSkybox":false,"showFlares":true,"showImageEffects":true,"showParticleSystems":true},"in2DMode":false,"pivot":{"x":1.6868046522140504,"y":-0.5132030248641968,"z":-12.036413192749024},"rotation":{"x":0.13887959718704225,"y":0.8365874886512756,"z":-0.2481096237897873,"w":0.46828433871269228},"size":2.1073949337005617,"orthographic":false}