{"cameraMode":{"drawMode":0,"name":"Shaded","section":"Shading Mode"},"sceneLighting":true,"audioPlay":false,"sceneViewState":{"showFog":true,"showMaterialUpdate":false,"showSkybox":false,"showFlares":true,"showImageEffects":true,"showParticleSystems":true},"in2DMode":false,"pivot":{"x":-0.8999996185302734,"y":2.260000228881836,"z":-10.010000228881836},"rotation":{"x":0.3704012334346771,"y":-0.5867807269096375,"z":0.34341350197792055,"w":0.6329027414321899},"size":24.24871063232422,"orthographic":false}